Name,Mobile,Email,Location,Aadhar
Rajesh Kumar,9876543201,rajesh.kumar@example.com,Mumbai,123456789001
Priya Sharma,9876543202,priya.sharma@example.com,Delhi,123456789002
Amit Patel,9876543203,amit.patel@example.com,Bangalore,123456789003
Sneha Desai,9876543204,sneha.desai@example.com,Chennai,123456789004
Vikram Singh,9876543205,vikram.singh@example.com,Ahmedabad,123456789005
Anjali Mehta,9876543206,anjali.mehta@example.com,Pune,123456789006
Rahul Joshi,9876543207,rahul.joshi@example.com,Hyderabad,123456789007
Kavita Reddy,9876543208,kavita.reddy@example.com,Kolkata,123456789008
Suresh Nair,9876543209,suresh.nair@example.com,Jaipur,123456789009
Deepa Iyer,9876543210,deepa.iyer@example.com,Lucknow,123456789010
Mohit Agarwal,9876543211,mohit.agarwal@example.com,Surat,123456789011
Neha Gupta,9876543212,neha.gupta@example.com,Kanpur,123456789012
Arjun Malhotra,9876543213,arjun.malhotra@example.com,Nagpur,123456789013
Pooja Verma,9876543214,pooja.verma@example.com,Indore,123456789014
Rohit Kapoor,9876543215,rohit.kapoor@example.com,Thane,123456789015
Shilpa Rao,9876543216,shilpa.rao@example.com,Bhopal,123456789016
Manish Tiwari,9876543217,manish.tiwari@example.com,Visakhapatnam,123456789017
Divya Menon,9876543218,divya.menon@example.com,Patna,123456789018
Karan Shah,9876543219,karan.shah@example.com,Vadodara,123456789019
Swati Bhatt,9876543220,swati.bhatt@example.com,Ghaziabad,123456789020
Nikhil Chawla,9876543221,nikhil.chawla@example.com,Ludhiana,123456789021
Ritu Agarwal,9876543222,ritu.agarwal@example.com,Agra,123456789022
Siddharth Jain,9876543223,siddharth.jain@example.com,Nashik,123456789023
Meera Krishnan,9876543224,meera.krishnan@example.com,Faridabad,123456789024
Aditya Rao,9876543225,aditya.rao@example.com,Meerut,123456789025
Tanvi Deshmukh,9876543226,tanvi.deshmukh@example.com,Rajkot,123456789026
Vivek Pillai,9876543227,vivek.pillai@example.com,Varanasi,123456789027
Anita Nambiar,9876543228,anita.nambiar@example.com,Srinagar,123456789028
Gaurav Saxena,9876543229,gaurav.saxena@example.com,Amritsar,123456789029
Kiran Shetty,9876543230,kiran.shetty@example.com,Allahabad,123456789030
Ravi Menon,9876543231,ravi.menon@example.com,Ranchi,123456789031
Sonali Kulkarni,9876543232,sonali.kulkarni@example.com,Coimbatore,123456789032
Abhishek Iyengar,9876543233,abhishek.iyengar@example.com,Jabalpur,123456789033
Madhuri Subramanian,9876543234,madhuri.subramanian@example.com,Gwalior,123456789034
Yashwant Reddy,9876543235,yashwant.reddy@example.com,Vijayawada,123456789035
Lakshmi Venkatesh,9876543236,lakshmi.venkatesh@example.com,Jodhpur,123456789036
Harshad Mehta,9876543237,harshad.mehta@example.com,Madurai,123456789037
Sarika Nair,9876543238,sarika.nair@example.com,Raipur,123456789038
Pramod Kumar,9876543239,pramod.kumar@example.com,Kota,123456789039
Chitra Raman,9876543240,chitra.raman@example.com,Guwahati,123456789040
Sandeep Agarwal,9876543241,sandeep.agarwal@example.com,Chandigarh,123456789041
Radha Iyer,9876543242,radha.iyer@example.com,Thiruvananthapuram,123456789042
Naveen Pillai,9876543243,naveen.pillai@example.com,Solapur,123456789043
Uma Devi,9876543244,uma.devi@example.com,Tiruchirappalli,123456789044
Rajendra Prasad,9876543245,rajendra.prasad@example.com,Bareilly,123456789045
Kamala Menon,9876543246,kamala.menon@example.com,Moradabad,123456789046
Sathish Kumar,9876543247,sathish.kumar@example.com,Mysore,123456789047
Geetha Nair,9876543248,geetha.nair@example.com,Gurgaon,123456789048
Venkatesh Rao,9876543249,venkatesh.rao@example.com,Aligarh,123456789049
Latha Subramanian,9876543250,latha.subramanian@example.com,Jalandhar,123456789050
Ramesh Iyer,9876543251,ramesh.iyer@example.com,Tirunelveli,123456789051
Padma Venkatesh,9876543252,padma.venkatesh@example.com,Bhubaneswar,123456789052
Srinivasan Menon,9876543253,srinivasan.menon@example.com,Salem,123456789053
Vasantha Raman,9876543254,vasantha.raman@example.com,Warangal,123456789054
Gopalakrishnan Nair,9876543255,gopalakrishnan.nair@example.com,Mira-Bhayandar,123456789055
Indira Devi,9876543256,indira.devi@example.com,Thane,123456789056
Balakrishnan Pillai,9876543257,balakrishnan.pillai@example.com,Durgapur,123456789057
Saraswati Iyer,9876543258,saraswati.iyer@example.com,Asansol,123456789058
Krishnamurthy Rao,9876543259,krishnamurthy.rao@example.com,Nanded,123456789059
Parvathi Subramanian,9876543260,parvathi.subramanian@example.com,Kolhapur,123456789060
Raghavan Menon,9876543261,raghavan.menon@example.com,Ajmer,123456789061
Kamakshi Venkatesh,9876543262,kamakshi.venkatesh@example.com,Gulbarga,123456789062
Narayanan Nair,9876543263,narayanan.nair@example.com,Loni,123456789063
Lakshmipriya Raman,9876543264,lakshmipriya.raman@example.com,Ujjain,123456789064
Sundaram Iyer,9876543265,sundaram.iyer@example.com,Jhansi,123456789065
Meenakshi Pillai,9876543266,meenakshi.pillai@example.com,Siliguri,123456789066
Ganesh Kumar,9876543267,ganesh.kumar@example.com,Jammu,123456789067
Savitri Devi,9876543268,savitri.devi@example.com,Sholapur,123456789068
Murugan Subramanian,9876543269,murugan.subramanian@example.com,Mangalore,123456789069
Ambika Nair,9876543270,ambika.nair@example.com,Erode,123456789070
Karthik Menon,9876543271,karthik.menon@example.com,Bellary,123456789071
Devi Venkatesh,9876543272,devi.venkatesh@example.com,Bharatpur,123456789072
Subramanian Iyer,9876543273,subramanian.iyer@example.com,Panihati,123456789073
Rajalakshmi Rao,9876543274,rajalakshmi.rao@example.com,Latur,123456789074
Venkatraman Pillai,9876543275,venkatraman.pillai@example.com,Rohtak,123456789075
Padmavathi Nair,9876543276,padmavathi.nair@example.com,Korba,123456789076
Narayanan Menon,9876543277,narayanan.menon@example.com,Bhilai,123456789077
Kamala Raman,9876543278,kamala.raman@example.com,Bhagalpur,123456789078
Srinivas Iyer,9876543279,srinivas.iyer@example.com,Muzaffarnagar,123456789079
Lakshmi Subramanian,9876543280,lakshmi.subramanian@example.com,Mathura,123456789080
Raman Venkatesh,9876543281,raman.venkatesh@example.com,Kakinada,123456789081
Geetha Pillai,9876543282,geetha.pillai@example.com,Avadi,123456789082
Venkateswara Rao,9876543283,venkateswara.rao@example.com,Davanagere,123456789083
Parvathi Menon,9876543284,parvathi.menon@example.com,Amravati,123456789084
Krishnan Nair,9876543285,krishnan.nair@example.com,Bellary,123456789085
Meera Iyer,9876543286,meera.iyer@example.com,Rajahmundry,123456789086
Gopalakrishnan Subramanian,9876543287,gopalakrishnan.subramanian@example.com,Ozhukarai,123456789087
Indira Venkatesh,9876543288,indira.venkatesh@example.com,Brahmapur,123456789088
Balakrishnan Pillai,9876543289,balakrishnan.pillai@example.com,Alwar,123456789089
Saraswati Rao,9876543290,saraswati.rao@example.com,Pondicherry,123456789090
Krishnamurthy Menon,9876543291,krishnamurthy.menon@example.com,Bijapur,123456789091
Parvathi Nair,9876543292,parvathi.nair@example.com,Nagercoil,123456789092
Raghavan Iyer,9876543293,raghavan.iyer@example.com,Thanjavur,123456789093
Kamakshi Subramanian,9876543294,kamakshi.subramanian@example.com,Junagadh,123456789094
Narayanan Venkatesh,9876543295,narayanan.venkatesh@example.com,Kollam,123456789095
Lakshmipriya Pillai,9876543296,lakshmipriya.pillai@example.com,Dehradun,123456789096
Sundaram Rao,9876543297,sundaram.rao@example.com,Jamnagar,123456789097
Meenakshi Menon,9876543298,meenakshi.menon@example.com,Kurnool,123456789098
Ganesh Nair,9876543299,ganesh.nair@example.com,Udaipur,123456789099
Savitri Iyer,9876543300,savitri.iyer@example.com,Tiruppur,123456789100
Murugan Subramanian,9876543301,murugan.subramanian@example.com,Bokaro,123456789101
Ambika Venkatesh,9876543302,ambika.venkatesh@example.com,South Dumdum,123456789102
Karthik Pillai,9876543303,karthik.pillai@example.com,Rajpur,123456789103
Devi Rao,9876543304,devi.rao@example.com,Barasat,123456789104
Subramanian Menon,9876543305,subramanian.menon@example.com,Bardhaman,123456789105
Rajalakshmi Nair,9876543306,rajalakshmi.nair@example.com,Kulti,123456789106
Venkatraman Iyer,9876543307,venkatraman.iyer@example.com,Noida,123456789107
Padmavathi Subramanian,9876543308,padmavathi.subramanian@example.com,Durg,123456789108
Narayanan Venkatesh,9876543309,narayanan.venkatesh@example.com,Chinsurah,123456789109
Kamala Pillai,9876543310,kamala.pillai@example.com,Panvel,123456789110
Srinivas Rao,9876543311,srinivas.rao@example.com,Kharagpur,123456789111
Lakshmi Menon,9876543312,lakshmi.menon@example.com,Cooch Behar,123456789112
Raman Nair,9876543313,raman.nair@example.com,Howrah,123456789113
Geetha Iyer,9876543314,geetha.iyer@example.com,Ahmednagar,123456789114
Venkateswara Subramanian,9876543315,venkateswara.subramanian@example.com,Eluru,123456789115
Parvathi Venkatesh,9876543316,parvathi.venkatesh@example.com,Anand,123456789116
Krishnan Pillai,9876543317,krishnan.pillai@example.com,Belgaum,123456789117
Meera Rao,9876543318,meera.rao@example.com,Gandhinagar,123456789118
Gopalakrishnan Menon,9876543319,gopalakrishnan.menon@example.com,Tumkur,123456789119
Indira Nair,9876543320,indira.nair@example.com,Khammam,123456789120
Balakrishnan Iyer,9876543321,balakrishnan.iyer@example.com,Raichur,123456789121
Saraswati Subramanian,9876543322,saraswati.subramanian@example.com,Ongole,123456789122
Krishnamurthy Venkatesh,9876543323,krishnamurthy.venkatesh@example.com,Nandyal,123456789123
Parvathi Pillai,9876543324,parvathi.pillai@example.com,Morena,123456789124
Raghavan Rao,9876543325,raghavan.rao@example.com,Bhiwandi,123456789125
Kamakshi Menon,9876543326,kamakshi.menon@example.com,Phusro,123456789126
Narayanan Nair,9876543327,narayanan.nair@example.com,Rampur,123456789127
Lakshmipriya Iyer,9876543328,lakshmipriya.iyer@example.com,Shimoga,123456789128
Sundaram Subramanian,9876543329,sundaram.subramanian@example.com,Chittoor,123456789129
Meenakshi Venkatesh,9876543330,meenakshi.venkatesh@example.com,Adilabad,123456789130
Ganesh Pillai,9876543331,ganesh.pillai@example.com,Khandwa,123456789131
Savitri Rao,9876543332,savitri.rao@example.com,Bettiah,123456789132
Murugan Menon,9876543333,murugan.menon@example.com,Purulia,123456789133
Ambika Nair,9876543334,ambika.nair@example.com,Hassan,123456789134
Karthik Iyer,9876543335,karthik.iyer@example.com,Ambala,123456789135
Devi Subramanian,9876543336,devi.subramanian@example.com,Baidyabati,123456789136
Subramanian Venkatesh,9876543337,subramanian.venkatesh@example.com,Maheshtala,123456789137
Rajalakshmi Pillai,9876543338,rajalakshmi.pillai@example.com,Faridkot,123456789138
Venkatraman Rao,9876543339,venkatraman.rao@example.com,Baripada,123456789139
Padmavathi Menon,9876543340,padmavathi.menon@example.com,Partapur,123456789140
Narayanan Nair,9876543341,narayanan.nair@example.com,Satara,123456789141
Kamala Iyer,9876543342,kamala.iyer@example.com,Barmer,123456789142
Srinivas Subramanian,9876543343,srinivas.subramanian@example.com,Panipat,123456789143
Lakshmi Venkatesh,9876543344,lakshmi.venkatesh@example.com,Siwan,123456789144
Raman Pillai,9876543345,raman.pillai@example.com,Rajpura,123456789145
Geetha Rao,9876543346,geetha.rao@example.com,Pali,123456789146
Venkateswara Menon,9876543347,venkateswara.menon@example.com,Vizianagaram,123456789147
Parvathi Nair,9876543348,parvathi.nair@example.com,Katihar,123456789148
Krishnan Iyer,9876543349,krishnan.iyer@example.com,Hardwar,123456789149
Meera Subramanian,9876543350,meera.subramanian@example.com,Anantapur,123456789150
Gopalakrishnan Venkatesh,9876543351,gopalakrishnan.venkatesh@example.com,Etawah,123456789151
Indira Pillai,9876543352,indira.pillai@example.com,Sagar,123456789152
Balakrishnan Rao,9876543353,balakrishnan.rao@example.com,Dhule,123456789153
Saraswati Menon,9876543354,saraswati.menon@example.com,Imphal,123456789154
Krishnamurthy Nair,9876543355,krishnamurthy.nair@example.com,Nagercoil,123456789155
Parvathi Iyer,9876543356,parvathi.iyer@example.com,Eluru,123456789156
Raghavan Subramanian,9876543357,raghavan.subramanian@example.com,Kurnool,123456789157
Kamakshi Venkatesh,9876543358,kamakshi.venkatesh@example.com,Nellore,123456789158
Narayanan Pillai,9876543359,narayanan.pillai@example.com,Thanjavur,123456789159
Lakshmipriya Rao,9876543360,lakshmipriya.rao@example.com,Tuticorin,123456789160
Sundaram Menon,9876543361,sundaram.menon@example.com,Karaikudi,123456789161
Meenakshi Nair,9876543362,meenakshi.nair@example.com,Neyveli,123456789162
Ganesh Iyer,9876543363,ganesh.iyer@example.com,Cuddalore,123456789163
Savitri Subramanian,9876543364,savitri.subramanian@example.com,Vellore,123456789164
Murugan Venkatesh,9876543365,murugan.venkatesh@example.com,Salem,123456789165
Ambika Pillai,9876543366,ambika.pillai@example.com,Erode,123456789166
Karthik Rao,9876543367,karthik.rao@example.com,Tiruppur,123456789167
Devi Menon,9876543368,devi.menon@example.com,Coimbatore,123456789168
Subramanian Nair,9876543369,subramanian.nair@example.com,Ooty,123456789169
Rajalakshmi Iyer,9876543370,rajalakshmi.iyer@example.com,Mysore,123456789170
Venkatraman Subramanian,9876543371,venkatraman.subramanian@example.com,Mangalore,123456789171
Padmavathi Venkatesh,9876543372,padmavathi.venkatesh@example.com,Udupi,123456789172
Narayanan Pillai,9876543373,narayanan.pillai@example.com,Hubli,123456789173
Kamala Rao,9876543374,kamala.rao@example.com,Belgaum,123456789174
Srinivas Menon,9876543375,srinivas.menon@example.com,Gulbarga,123456789175
Lakshmi Nair,9876543376,lakshmi.nair@example.com,Raichur,123456789176
Raman Iyer,9876543377,raman.iyer@example.com,Bijapur,123456789177
Geetha Subramanian,9876543378,geetha.subramanian@example.com,Bidar,123456789178
Venkateswara Venkatesh,9876543379,venkateswara.venkatesh@example.com,Bellary,123456789179
Parvathi Pillai,9876543380,parvathi.pillai@example.com,Chitradurga,123456789180
Krishnan Rao,9876543381,krishnan.rao@example.com,Shimoga,123456789181
Meera Menon,9876543382,meera.menon@example.com,Tumkur,123456789182
Gopalakrishnan Nair,9876543383,gopalakrishnan.nair@example.com,Kolar,123456789183
Indira Iyer,9876543384,indira.iyer@example.com,Chikkaballapur,123456789184
Balakrishnan Subramanian,9876543385,balakrishnan.subramanian@example.com,Ramanagara,123456789185
Saraswati Venkatesh,9876543386,saraswati.venkatesh@example.com,Chamrajanagar,123456789186
Krishnamurthy Pillai,9876543387,krishnamurthy.pillai@example.com,Hassan,123456789187
Parvathi Rao,9876543388,parvathi.rao@example.com,Davangere,123456789188
Raghavan Menon,9876543389,raghavan.menon@example.com,Chitradurga,123456789189
Kamakshi Nair,9876543390,kamakshi.nair@example.com,Haveri,123456789190
Narayanan Iyer,9876543391,narayanan.iyer@example.com,Gadag,123456789191
Lakshmipriya Subramanian,9876543392,lakshmipriya.subramanian@example.com,Bagalkot,123456789192
Sundaram Venkatesh,9876543393,sundaram.venkatesh@example.com,Vijayapura,123456789193
Meenakshi Pillai,9876543394,meenakshi.pillai@example.com,Kalaburagi,123456789194
Ganesh Rao,9876543395,ganesh.rao@example.com,Yadgir,123456789195
Savitri Menon,9876543396,savitri.menon@example.com,Raichur,123456789196
Murugan Nair,9876543397,murugan.nair@example.com,Koppal,123456789197
Ambika Iyer,9876543398,ambika.iyer@example.com,Ballari,123456789198
Karthik Subramanian,9876543399,karthik.subramanian@example.com,Vijayanagara,123456789199
Devi Venkatesh,9876543400,devi.venkatesh@example.com,Chamarajanagar,123456789200


